Unnamed: 0,UniProt_ID,Mutation,ΔTm,pH,Tm
20,P06996,R58H,0.31,7,87.28
21,P06996,R95C,-2.35,7,84.62
22,P06996,R95G,-6.19,7,80.78
23,P06996,R95S,-5.26,7,81.71
84,P49768,L226F,8.7,7.4,62.05
240,Q9X1G6,N123A,-23.0,7.5,64.1
242,K9WT99,R256H,0.1,7.5,61.6
250,G2QNH0,C65A,-2.5,8,57.3
253,G2QNH0,K104A,2.0,8,52
254,G2QNH0,K208A,1.0,8,51
257,G2QNH0,Q302K,-1.0,8,49
258,G2QNH0,R100A,-3.4,8,56.4
265,G2QNH0,Y204F,-6.4,8,53.4
266,G2QNH0,Y298F,-0.6,8,59.2
267,P77304,I399A,4.0,7.5,53
268,P77304,K130A,3.0,7.5,52
269,P77304,N160A,-3.0,7.5,46
270,P77304,Y38A,0.0,7.5,49
271,P77304,Y71A,-1.0,7.5,48
267,P77304,I399A,2.5,7.5,67.5
268,P77304,K130A,0.5,7.5,66
269,P77304,N160A,-2.5,7.5,63.5
270,P77304,Y38A,-1.0,7.5,66.5
271,P77304,Y71A,-1.5,7.5,65
382,O14842,A199V,2.1,7.5,37.6
382,O14842,A199V,2.6,7.5,39.8
383,O14842,E145A,4.1,7.5,39.6
383,O14842,E145A,5.6,7.5,42.8
384,O14842,F88A,8.3,7.5,43.9
384,O14842,F88A,6.8,7.5,44
385,O14842,G103A,5.5,7.5,42.7
385,O14842,G103A,5.7,7.5,41.2
386,O14842,G265A,3.9,7.5,41.1
386,O14842,G265A,3.3,7.5,38.9
387,O14842,L42A,4.3,7.5,39.8
387,O14842,L42A,4.9,7.5,42.1
389,O14842,V225A,2.7,7.5,40.4
389,O14842,V225A,3.2,7.5,38.2
390,O14842,V64A,2.3,7.5,37.7
390,O14842,V64A,2.4,7.5,39.6
391,O14842,Y202F,7.2,7.5,42.7
391,O14842,Y202F,6.5,7.5,43.7
419,P21554,L207A,-7.1,7.4,57.2
420,P21554,T210A,7.4,7.4,71.7
421,P21554,T210I,-6.2,7.4,58.1
431,P0A917,E54N,-19.55,6.8,55.72
445,P09391,T140A,-9.6,7.4,61.4
458,P21616,A226S,-2.6,7.9,55.9
459,P21616,F224A,-1.3,7.7,57.2
460,P21616,G221A,-0.79,8,57.7
461,P21616,G222A,-0.2,7.7,58.3
462,P21616,H716A,0.2,6.8,63
463,P21616,I227A,-5.8,7.7,52.7
464,P21616,L223A,-6.3,7.7,52.2
486,P09391,G215V,-8.9,7.4,62.1
487,P09391,M111A,-4.8,7.4,66.2
488,P09391,S221A,-1.9,7.4,69.1
489,P09391,S269A,-2.6,7.4,68.4
547,P59594,N937A,-13.5,7.5,82.7
569,P0A917,D124N,-3.33,6.8,71.94
569,P0A917,D124N,-0.25,6.8,88.68
569,P0A917,D124N,-0.28,6.8,79.37
570,P0A917,D127N,-2.6,6.8,72.67
570,P0A917,D127N,-0.58,6.8,88.35
570,P0A917,D127N,-0.21,6.8,79.44
571,P0A917,E117N,-4.4,6.8,70.87
571,P0A917,E117N,-0.09,6.8,88.84
571,P0A917,E117N,-0.92,6.8,78.73
572,P0A917,K71N,3.81,6.8,79.08
573,P0A917,K82N,-4.07,6.8,71.2
573,P0A917,K82N,-0.45,6.8,88.48
573,P0A917,K82N,-1.24,6.8,78.41
574,P0A917,K112N,-2.56,6.8,72.71
574,P0A917,K112N,0.7,6.8,6.8
574,P0A917,K112N,0.22,6.8,79.87
575,P0A917,K122N,0.24,6.8,75.51
575,P0A917,K122N,0.06,6.8,88.99
575,P0A917,K122N,2.67,6.8,82.32
576,P0A917,R73N,-3.79,6.8,71.48
576,P0A917,R73N,0.52,6.8,89.45
576,P0A917,R73N,-1.06,6.8,78.59
615,Q8D0Z7,W79A,-8.0,8.5,58
615,Q8D0Z7,W79A,-7,8.5,61
615,Q8D0Z7,W79A,-13,8.5,55
615,Q8D0Z7,W79A,1,8.5,71
615,Q8D0Z7,W79A,-9,8.5,63
615,Q8D0Z7,W79A,6,8.5,72
616,Q8D0Z7,W79F,-4.0,8.5,62
616,Q8D0Z7,W79F,-4.0,8.5,64
616,Q8D0Z7,W79F,-4.0,8.5,68
617,Q8D0Z7,W79Y,0,8.5,68
617,Q8D0Z7,W79Y,1,8.5,71
617,Q8D0Z7,W79Y,-9,8.5,63
617,Q8D0Z7,W79Y,11.5,8.5,85
656,Q14524,K1872N,-3.12,7.4,53.34
657,Q14524,Q1832E,-0.75,7.4,55.71
658,Q14524,V1861I,-4.11,7.4,52.35
659,Q14524,Y1795C,0.23,7.4,56.69
727,P49286,F192A,-6.5,7.5,57.1
727,P49286,F192A,-6.9,7.5,66.5
727,P49286,F192A,-4.5,7.5,75.4
747,P02730,P327R,-4.7,7.5,61.5
747,P02730,P327R,-5,7.5,64
775,P51795,Y617A,-3.01,8,41.15
775,P51795,Y617A,-7.58,8,41.37
778,O14522,D905G,-3.0,7.5,40
779,O14522,Q965K,-1.0,7.5,42
818,Q92736,G230C,-2.3,7.4,39.7
819,Q92736,H29D,-0.3,7.4,43.2
831,P11716,R1076W,-3.0,7.4,40.2
837,P20789,N58R,-0.1,7.4,30.9
838,P20789,V57I,0.2,7.4,31.2
865,P11716,D709N,-1.0,7.4,39
867,P11716,N760D,-2.5,7.4,36.5
913,Q09428,K889T,-4.2,7.2,40.1
913,Q09428,K889T,3.6,7.2,36
913,Q09428,K889T,-4.2,7.2,31.7
917,Q13635,A246M,0.3,7.5,48.6
