C1,UniProt_ID,Mutation,ΔTm,State
20,P06996,R58H,0.31,right
21,P06996,R95C,-2.35,right
22,P06996,R95G,-6.19,right
23,P06996,R95S,-5.26,right
84,P49768,L226F,8.7,right
240,Q9X1G6,N123A,-23.0,right
242,K9WT99,R256H,0.1,right
250,G2QNH0,C65A,-2.5,right
251,G2QNH0,G192A,-7.25,right
252,G2QNH0,I193A,-14.4,right
253,G2QNH0,K104A,-0.667,right*
254,G2QNH0,K208A,1.0,right
255,G2QNH0,K30A,-7.2,right
256,G2QNH0,N96A,-7.3,right
257,G2QNH0,Q302K,-1.0,right
258,G2QNH0,R100A,-3.4,right
259,G2QNH0,R197A,-8.15,right
260,G2QNH0,R287A,-1.25,right
261,G2QNH0,R88A,-10.15,right
262,G2QNH0,S238A,-2.5,right
263,G2QNH0,Y196A,-11.5,right
264,G2QNH0,Y196F,-10.55,right
265,G2QNH0,Y204F,-6.4,right
266,G2QNH0,Y298F,-0.6,right
267,P77304,I399A,3.25,right*
268,P77304,K130A,1.75,right*
269,P77304,N160A,-2.75,right8
270,P77304,Y38A,-0.5,right*
271,P77304,Y71A,-1.25,right*
354,P08172,S110R,5.25,right*pH
382,O14842,A199V,2.35,right*
383,O14842,E145A,4.85,right*
384,O14842,F88A,7.55,right*
385,O14842,G103A,5.6,right*
386,O14842,G265A,3.6,right*
387,O14842,L42A,4.6,right*
388,O14842,T31A,1.95,right*
389,O14842,V225A,2.95,right*
390,O14842,V64A,2.35,right*
391,O14842,Y202F,6.85,right*
419,P21554,L207A,-7.1,right
420,P21554,T210A,7.4,right
421,P21554,T210I,-6.2,right
431,P0A917,E54N,-19.55,right
445,P09391,T140A,-9.6,right
458,P21616,A226S,-2.6,right
459,P21616,F224A,-1.3,right
460,P21616,G221A,-0.79,right*
461,P21616,G222A,-0.2,right
462,P21616,H716A,0.2,right
463,P21616,I227A,-5.8,right
464,P21616,L223A,-6.3,right
486,P09391,G215V,-8.9,right
487,P09391,M111A,-4.8,right
488,P09391,S221A,-1.9,right
489,P09391,S269A,-2.6,right
547,P59594,N937A,-13.5,right
569,P0A917,D124N,-1.28667,right*
570,P0A917,D127N,-1.13,right*
571,P0A917,E117N,-1.803,right*
572,P0A917,K71N,3.81,right
573,P0A917,K82N,-1.92,right*
574,P0A917,K112N,-0.54667,right*
575,P0A917,K122N,0.99,right*
576,P0A917,R73N,-1.44333,right*
615,Q8D0Z7,W79A,-5.0,right&
616,Q8D0Z7,W79F,-3.0,right*
617,Q8D0Z7,W79Y,-1.3125,right&
656,Q14524,K1872N,-3.12,right
657,Q14524,Q1832E,-0.75,right
658,Q14524,V1861I,-4.11,right
659,Q14524,Y1795C,0.23,right
726,P48039,H99L,-6.8,right
727,P49286,F192A,-5.9667,right8
747,P02730,P327R,-4.85,right*
775,P51795,Y617A,-5.295,right*
778,O14522,D905G,-3.0,right
779,O14522,Q965K,-1.0,right
787,P11716,G216E,-4.4,pH
790,E9Q401,V186M,-0.4,pH
815,P11716,D61N,-0.4,pH
816,P11716,R45C,-6.8,pH
817,P11716,L14R,-5.1,pH
818,Q92736,G230C,-2.3,right
819,Q92736,H29D,-0.3,right
831,P11716,R1076W,-3.0,right
837,P20789,N58R,-0.1,right
838,P20789,V57I,0.2,right
865,P11716,D709N,-1.0,right
866,P11716,L2867G,-12.73,pH
867,P11716,N760D,-2.5,right
868,P11716,R2939S,-5.8,pH
913,Q09428,K889T,-4.0,right
917,Q13635,A246M,0.3,right
