C1,UniProt_ID,Mutation,ΔTm,pH,Tm,State
20,P06996,R58H,0.31,7,87.28,right
21,P06996,R95C,-2.35,7,84.62,right
22,P06996,R95G,-6.19,7,80.78,right
23,P06996,R95S,-5.26,7,81.71,right
84,P49768,L226F,8.7,7.4,62.05,right
240,Q9X1G6,N123A,-23.0,7.5,64.1,right
242,K9WT99,R256H,0.1,7.5,61.6,right
250,G2QNH0,C65A,-2.5,8,57.3,right
253,G2QNH0,K104A,2.0,False,False,False
254,G2QNH0,K208A,1.0,8,51,right
257,G2QNH0,Q302K,-1.0,8,49,right
258,G2QNH0,R100A,-3.4,8,56.4,right
265,G2QNH0,Y204F,-6.4,8,53.4,right
266,G2QNH0,Y298F,-0.6,8,59.2,right
267,P77304,I399A,4.0,7.5,53,m1
268,P77304,K130A,3.0,7.5,52,m1
269,P77304,N160A,-3.0,7.5,46,m1
270,P77304,Y38A,0.0,7.5,49,m1
271,P77304,Y71A,-1.0,7.5,48,m1
382,O14842,A199V,2.1,7.5,37.6,m1
383,O14842,E145A,4.1,7.5,39.6,m1
384,O14842,F88A,8.3,7.5,43.9,m1
385,O14842,G103A,5.7,7.5,41.2,m1
386,O14842,G265A,3.3,7.5,38.9,m1
387,O14842,L42A,4.3,7.5,39.8,m1
388,O14842,T31A,2.8,7.5,38.5,m1
389,O14842,V225A,2.7,7.5,38.2,m1
390,O14842,V64A,2.3,7.5,37.7,m1
391,O14842,Y202F,7.2,7.5,42.7,m1
419,P21554,L207A,-7.1,7.4,57.2 ,right
420,P21554,T210A,7.4,7.4,71.7 ,right
421,P21554,T210I,-6.2,7.4,58.1 ,right
431,P0A917,E54N,-19.55,6.8,55.72,right
445,P09391,T140A,-9.6,7.4,61.4,right
458,P21616,A226S,-2.6,7.9,55.9,right
459,P21616,F224A,-1.3,7.7,57.2,right
460,P21616,G221A,-0.8,8,57.7,almost
461,P21616,G222A,-0.2,7.7,58.3,right
462,P21616,H716A,0.2,6.8,63,right
463,P21616,I227A,-5.8,7.7,52.7,right
464,P21616,L223A,-6.3,7.7,52.2,right
486,P09391,G215V,-8.9,7.4,62.1,right
487,P09391,M111A,-4.8,7.4,66.2,right
488,P09391,S221A,-1.9,7.4,69.1,right
489,P09391,S269A,-2.6,7.4,68.4,right
547,P59594,N937A,-13.5,7-7.5,82.7,False
569,P0A917,D124N,-3.33,6.8,71.94,m2
570,P0A917,D127N,-2.6,6.8,72.67,m2
571,P0A917,E117N,-4.4,6.8,70.87,m2
572,P0A917,K71N,3.81,6.8,79.08,right
573,P0A917,K82N,-4.07,6.8,71.2,m2
574,P0A917,K112N,-2.56,6.8,72.71,m2
575,P0A917,K122N,0.24,6.8,75.51,m2
576,P0A917,R73N,-3.79,6.8,71.48,m2
615,Q8D0Z7,W79A,-8.0,8.5,58,m5
616,Q8D0Z7,W79F,-4.0,8.5,Mult,Mult
617,Q8D0Z7,W79Y,-7.0,8.5,59,m7
656,Q14524,K1872N,-3.12,7.4,53.34,right
657,Q14524,Q1832E,-0.75,7.4,55.71,right
658,Q14524,V1861I,-4.11,7.4,52.35,right
659,Q14524,Y1795C,0.23,7.4,56.69,right
727,P49286,F192A,-6.5,7.5,57.1,m2
747,P02730,P327R,-4.7,7.5,61.5,m1
775,P51795,Y617A,-3.01,8,41.15,m1
778,O14522,D905G,-3.0,7.5,40,right
779,O14522,Q965K,-1.0,7.5,42,right
818,Q92736,G230C,-2.3,7.4,39.7,right
819,Q92736,H29D,-0.3,7.4,43.2,right
831,P11716,R1076W,-3.0,7.4,40.2,right
837,P20789,N58R,-0.1,7.4,30.9,right
838,P20789,V57I,0.2,7.4,31.2,right
865,P11716,D709N,-1.0,7.4,39,right
867,P11716,N760D,-2.5,7.4,36.5,right
913,Q09428,K889T,-4.2,7.2,Mult,Mult
917,Q13635,A246M,0.3,7.5,48.6,right
